{"cameraMode":{"drawMode":0,"name":"Shaded","section":"Shading Mode"},"sceneLighting":false,"audioPlay":false,"sceneViewState":{"m_AlwaysRefresh":false,"showFog":true,"showSkybox":false,"showFlares":true,"showImageEffects":true,"showParticleSystems":true,"showVisualEffectGraphs":true,"m_FxEnabled":true},"in2DMode":false,"pivot":{"x":-0.1371375173330307,"y":0.011416926980018616,"z":-0.007575478404760361},"rotation":{"x":0.016171377152204515,"y":-0.7460246086120606,"z":0.6654823422431946,"w":0.018129244446754457},"size":0.860334575176239,"orthographic":false}